date,year,month,day,month_name,day_name,week,quarter
2024-01-01,2024,1,1,January,Monday,1,1
2024-01-02,2024,1,2,January,Tuesday,1,1
2024-01-03,2024,1,3,January,Wednesday,1,1
2024-01-04,2024,1,4,January,Thursday,1,1
2024-01-05,2024,1,5,January,Friday,1,1
2024-01-06,2024,1,6,January,Saturday,1,1
2024-01-07,2024,1,7,January,Sunday,1,1
2024-01-08,2024,1,8,January,Monday,2,1
2024-01-09,2024,1,9,January,Tuesday,2,1
2024-01-10,2024,1,10,January,Wednesday,2,1
2024-01-11,2024,1,11,January,Thursday,2,1
2024-01-12,2024,1,12,January,Friday,2,1
2024-01-13,2024,1,13,January,Saturday,2,1
2024-01-14,2024,1,14,January,Sunday,2,1
2024-01-15,2024,1,15,January,Monday,3,1
2024-01-16,2024,1,16,January,Tuesday,3,1
2024-01-17,2024,1,17,January,Wednesday,3,1
2024-01-18,2024,1,18,January,Thursday,3,1
2024-01-19,2024,1,19,January,Friday,3,1
2024-01-20,2024,1,20,January,Saturday,3,1
2024-01-21,2024,1,21,January,Sunday,3,1
2024-01-22,2024,1,22,January,Monday,4,1
2024-01-23,2024,1,23,January,Tuesday,4,1
2024-01-24,2024,1,24,January,Wednesday,4,1
2024-01-25,2024,1,25,January,Thursday,4,1
2024-01-26,2024,1,26,January,Friday,4,1
2024-01-27,2024,1,27,January,Saturday,4,1
2024-01-28,2024,1,28,January,Sunday,4,1
2024-01-29,2024,1,29,January,Monday,5,1
2024-01-30,2024,1,30,January,Tuesday,5,1
2024-01-31,2024,1,31,January,Wednesday,5,1
2024-02-01,2024,2,1,February,Thursday,5,1
2024-02-02,2024,2,2,February,Friday,5,1
2024-02-03,2024,2,3,February,Saturday,5,1
2024-02-04,2024,2,4,February,Sunday,5,1
2024-02-05,2024,2,5,February,Monday,6,1
2024-02-06,2024,2,6,February,Tuesday,6,1
2024-02-07,2024,2,7,February,Wednesday,6,1
2024-02-08,2024,2,8,February,Thursday,6,1
2024-02-09,2024,2,9,February,Friday,6,1
2024-02-10,2024,2,10,February,Saturday,6,1
2024-02-11,2024,2,11,February,Sunday,6,1
2024-02-12,2024,2,12,February,Monday,7,1
2024-02-13,2024,2,13,February,Tuesday,7,1
2024-02-14,2024,2,14,February,Wednesday,7,1
2024-02-15,2024,2,15,February,Thursday,7,1
2024-02-16,2024,2,16,February,Friday,7,1
2024-02-17,2024,2,17,February,Saturday,7,1
2024-02-18,2024,2,18,February,Sunday,7,1
2024-02-19,2024,2,19,February,Monday,8,1
2024-02-20,2024,2,20,February,Tuesday,8,1
2024-02-21,2024,2,21,February,Wednesday,8,1
2024-02-22,2024,2,22,February,Thursday,8,1
2024-02-23,2024,2,23,February,Friday,8,1
2024-02-24,2024,2,24,February,Saturday,8,1
2024-02-25,2024,2,25,February,Sunday,8,1
2024-02-26,2024,2,26,February,Monday,9,1
2024-02-27,2024,2,27,February,Tuesday,9,1
2024-02-28,2024,2,28,February,Wednesday,9,1
2024-02-29,2024,2,29,February,Thursday,9,1
2024-03-01,2024,3,1,March,Friday,9,1
2024-03-02,2024,3,2,March,Saturday,9,1
2024-03-03,2024,3,3,March,Sunday,9,1
2024-03-04,2024,3,4,March,Monday,10,1
2024-03-05,2024,3,5,March,Tuesday,10,1
2024-03-06,2024,3,6,March,Wednesday,10,1
2024-03-07,2024,3,7,March,Thursday,10,1
2024-03-08,2024,3,8,March,Friday,10,1
2024-03-09,2024,3,9,March,Saturday,10,1
2024-03-10,2024,3,10,March,Sunday,10,1
2024-03-11,2024,3,11,March,Monday,11,1
2024-03-12,2024,3,12,March,Tuesday,11,1
2024-03-13,2024,3,13,March,Wednesday,11,1
2024-03-14,2024,3,14,March,Thursday,11,1
2024-03-15,2024,3,15,March,Friday,11,1
2024-03-16,2024,3,16,March,Saturday,11,1
2024-03-17,2024,3,17,March,Sunday,11,1
2024-03-18,2024,3,18,March,Monday,12,1
2024-03-19,2024,3,19,March,Tuesday,12,1
2024-03-20,2024,3,20,March,Wednesday,12,1
2024-03-21,2024,3,21,March,Thursday,12,1
2024-03-22,2024,3,22,March,Friday,12,1
2024-03-23,2024,3,23,March,Saturday,12,1
2024-03-24,2024,3,24,March,Sunday,12,1
2024-03-25,2024,3,25,March,Monday,13,1
2024-03-26,2024,3,26,March,Tuesday,13,1
2024-03-27,2024,3,27,March,Wednesday,13,1
2024-03-28,2024,3,28,March,Thursday,13,1
2024-03-29,2024,3,29,March,Friday,13,1
2024-03-30,2024,3,30,March,Saturday,13,1
2024-03-31,2024,3,31,March,Sunday,13,1
2024-04-01,2024,4,1,April,Monday,14,2
2024-04-02,2024,4,2,April,Tuesday,14,2
2024-04-03,2024,4,3,April,Wednesday,14,2
2024-04-04,2024,4,4,April,Thursday,14,2
2024-04-05,2024,4,5,April,Friday,14,2
2024-04-06,2024,4,6,April,Saturday,14,2
2024-04-07,2024,4,7,April,Sunday,14,2
2024-04-08,2024,4,8,April,Monday,15,2
2024-04-09,2024,4,9,April,Tuesday,15,2
2024-04-10,2024,4,10,April,Wednesday,15,2
2024-04-11,2024,4,11,April,Thursday,15,2
2024-04-12,2024,4,12,April,Friday,15,2
2024-04-13,2024,4,13,April,Saturday,15,2
2024-04-14,2024,4,14,April,Sunday,15,2
2024-04-15,2024,4,15,April,Monday,16,2
2024-04-16,2024,4,16,April,Tuesday,16,2
2024-04-17,2024,4,17,April,Wednesday,16,2
2024-04-18,2024,4,18,April,Thursday,16,2
2024-04-19,2024,4,19,April,Friday,16,2
2024-04-20,2024,4,20,April,Saturday,16,2
2024-04-21,2024,4,21,April,Sunday,16,2
2024-04-22,2024,4,22,April,Monday,17,2
2024-04-23,2024,4,23,April,Tuesday,17,2
2024-04-24,2024,4,24,April,Wednesday,17,2
2024-04-25,2024,4,25,April,Thursday,17,2
2024-04-26,2024,4,26,April,Friday,17,2
2024-04-27,2024,4,27,April,Saturday,17,2
2024-04-28,2024,4,28,April,Sunday,17,2
2024-04-29,2024,4,29,April,Monday,18,2
2024-04-30,2024,4,30,April,Tuesday,18,2
2024-05-01,2024,5,1,May,Wednesday,18,2
2024-05-02,2024,5,2,May,Thursday,18,2
2024-05-03,2024,5,3,May,Friday,18,2
2024-05-04,2024,5,4,May,Saturday,18,2
2024-05-05,2024,5,5,May,Sunday,18,2
2024-05-06,2024,5,6,May,Monday,19,2
2024-05-07,2024,5,7,May,Tuesday,19,2
2024-05-08,2024,5,8,May,Wednesday,19,2
2024-05-09,2024,5,9,May,Thursday,19,2
2024-05-10,2024,5,10,May,Friday,19,2
2024-05-11,2024,5,11,May,Saturday,19,2
2024-05-12,2024,5,12,May,Sunday,19,2
2024-05-13,2024,5,13,May,Monday,20,2
2024-05-14,2024,5,14,May,Tuesday,20,2
2024-05-15,2024,5,15,May,Wednesday,20,2
2024-05-16,2024,5,16,May,Thursday,20,2
2024-05-17,2024,5,17,May,Friday,20,2
2024-05-18,2024,5,18,May,Saturday,20,2
2024-05-19,2024,5,19,May,Sunday,20,2
2024-05-20,2024,5,20,May,Monday,21,2
2024-05-21,2024,5,21,May,Tuesday,21,2
2024-05-22,2024,5,22,May,Wednesday,21,2
2024-05-23,2024,5,23,May,Thursday,21,2
2024-05-24,2024,5,24,May,Friday,21,2
2024-05-25,2024,5,25,May,Saturday,21,2
2024-05-26,2024,5,26,May,Sunday,21,2
2024-05-27,2024,5,27,May,Monday,22,2
2024-05-28,2024,5,28,May,Tuesday,22,2
2024-05-29,2024,5,29,May,Wednesday,22,2
2024-05-30,2024,5,30,May,Thursday,22,2
2024-05-31,2024,5,31,May,Friday,22,2
2024-06-01,2024,6,1,June,Saturday,22,2
2024-06-02,2024,6,2,June,Sunday,22,2
2024-06-03,2024,6,3,June,Monday,23,2
2024-06-04,2024,6,4,June,Tuesday,23,2
2024-06-05,2024,6,5,June,Wednesday,23,2
2024-06-06,2024,6,6,June,Thursday,23,2
2024-06-07,2024,6,7,June,Friday,23,2
2024-06-08,2024,6,8,June,Saturday,23,2
2024-06-09,2024,6,9,June,Sunday,23,2
2024-06-10,2024,6,10,June,Monday,24,2
2024-06-11,2024,6,11,June,Tuesday,24,2
2024-06-12,2024,6,12,June,Wednesday,24,2
2024-06-13,2024,6,13,June,Thursday,24,2
2024-06-14,2024,6,14,June,Friday,24,2
2024-06-15,2024,6,15,June,Saturday,24,2
2024-06-16,2024,6,16,June,Sunday,24,2
2024-06-17,2024,6,17,June,Monday,25,2
2024-06-18,2024,6,18,June,Tuesday,25,2
2024-06-19,2024,6,19,June,Wednesday,25,2
2024-06-20,2024,6,20,June,Thursday,25,2
2024-06-21,2024,6,21,June,Friday,25,2
2024-06-22,2024,6,22,June,Saturday,25,2
2024-06-23,2024,6,23,June,Sunday,25,2
2024-06-24,2024,6,24,June,Monday,26,2
2024-06-25,2024,6,25,June,Tuesday,26,2
2024-06-26,2024,6,26,June,Wednesday,26,2
2024-06-27,2024,6,27,June,Thursday,26,2
2024-06-28,2024,6,28,June,Friday,26,2
2024-06-29,2024,6,29,June,Saturday,26,2
2024-06-30,2024,6,30,June,Sunday,26,2
2024-07-01,2024,7,1,July,Monday,27,3
2024-07-02,2024,7,2,July,Tuesday,27,3
2024-07-03,2024,7,3,July,Wednesday,27,3
2024-07-04,2024,7,4,July,Thursday,27,3
2024-07-05,2024,7,5,July,Friday,27,3
2024-07-06,2024,7,6,July,Saturday,27,3
2024-07-07,2024,7,7,July,Sunday,27,3
2024-07-08,2024,7,8,July,Monday,28,3
2024-07-09,2024,7,9,July,Tuesday,28,3
2024-07-10,2024,7,10,July,Wednesday,28,3
2024-07-11,2024,7,11,July,Thursday,28,3
2024-07-12,2024,7,12,July,Friday,28,3
2024-07-13,2024,7,13,July,Saturday,28,3
2024-07-14,2024,7,14,July,Sunday,28,3
2024-07-15,2024,7,15,July,Monday,29,3
2024-07-16,2024,7,16,July,Tuesday,29,3
2024-07-17,2024,7,17,July,Wednesday,29,3
2024-07-18,2024,7,18,July,Thursday,29,3
2024-07-19,2024,7,19,July,Friday,29,3
2024-07-20,2024,7,20,July,Saturday,29,3
2024-07-21,2024,7,21,July,Sunday,29,3
2024-07-22,2024,7,22,July,Monday,30,3
2024-07-23,2024,7,23,July,Tuesday,30,3
2024-07-24,2024,7,24,July,Wednesday,30,3
2024-07-25,2024,7,25,July,Thursday,30,3
2024-07-26,2024,7,26,July,Friday,30,3
2024-07-27,2024,7,27,July,Saturday,30,3
2024-07-28,2024,7,28,July,Sunday,30,3
2024-07-29,2024,7,29,July,Monday,31,3
2024-07-30,2024,7,30,July,Tuesday,31,3
2024-07-31,2024,7,31,July,Wednesday,31,3
2024-08-01,2024,8,1,August,Thursday,31,3
2024-08-02,2024,8,2,August,Friday,31,3
2024-08-03,2024,8,3,August,Saturday,31,3
2024-08-04,2024,8,4,August,Sunday,31,3
2024-08-05,2024,8,5,August,Monday,32,3
2024-08-06,2024,8,6,August,Tuesday,32,3
2024-08-07,2024,8,7,August,Wednesday,32,3
2024-08-08,2024,8,8,August,Thursday,32,3
2024-08-09,2024,8,9,August,Friday,32,3
2024-08-10,2024,8,10,August,Saturday,32,3
2024-08-11,2024,8,11,August,Sunday,32,3
2024-08-12,2024,8,12,August,Monday,33,3
2024-08-13,2024,8,13,August,Tuesday,33,3
2024-08-14,2024,8,14,August,Wednesday,33,3
2024-08-15,2024,8,15,August,Thursday,33,3
2024-08-16,2024,8,16,August,Friday,33,3
2024-08-17,2024,8,17,August,Saturday,33,3
2024-08-18,2024,8,18,August,Sunday,33,3
2024-08-19,2024,8,19,August,Monday,34,3
2024-08-20,2024,8,20,August,Tuesday,34,3
2024-08-21,2024,8,21,August,Wednesday,34,3
2024-08-22,2024,8,22,August,Thursday,34,3
2024-08-23,2024,8,23,August,Friday,34,3
2024-08-24,2024,8,24,August,Saturday,34,3
2024-08-25,2024,8,25,August,Sunday,34,3
2024-08-26,2024,8,26,August,Monday,35,3
2024-08-27,2024,8,27,August,Tuesday,35,3
2024-08-28,2024,8,28,August,Wednesday,35,3
2024-08-29,2024,8,29,August,Thursday,35,3
2024-08-30,2024,8,30,August,Friday,35,3
2024-08-31,2024,8,31,August,Saturday,35,3
2024-09-01,2024,9,1,September,Sunday,35,3
2024-09-02,2024,9,2,September,Monday,36,3
2024-09-03,2024,9,3,September,Tuesday,36,3
2024-09-04,2024,9,4,September,Wednesday,36,3
2024-09-05,2024,9,5,September,Thursday,36,3
2024-09-06,2024,9,6,September,Friday,36,3
2024-09-07,2024,9,7,September,Saturday,36,3
2024-09-08,2024,9,8,September,Sunday,36,3
2024-09-09,2024,9,9,September,Monday,37,3
2024-09-10,2024,9,10,September,Tuesday,37,3
2024-09-11,2024,9,11,September,Wednesday,37,3
2024-09-12,2024,9,12,September,Thursday,37,3
2024-09-13,2024,9,13,September,Friday,37,3
2024-09-14,2024,9,14,September,Saturday,37,3
2024-09-15,2024,9,15,September,Sunday,37,3
2024-09-16,2024,9,16,September,Monday,38,3
2024-09-17,2024,9,17,September,Tuesday,38,3
2024-09-18,2024,9,18,September,Wednesday,38,3
2024-09-19,2024,9,19,September,Thursday,38,3
2024-09-20,2024,9,20,September,Friday,38,3
2024-09-21,2024,9,21,September,Saturday,38,3
2024-09-22,2024,9,22,September,Sunday,38,3
2024-09-23,2024,9,23,September,Monday,39,3
2024-09-24,2024,9,24,September,Tuesday,39,3
2024-09-25,2024,9,25,September,Wednesday,39,3
2024-09-26,2024,9,26,September,Thursday,39,3
2024-09-27,2024,9,27,September,Friday,39,3
2024-09-28,2024,9,28,September,Saturday,39,3
2024-09-29,2024,9,29,September,Sunday,39,3
2024-09-30,2024,9,30,September,Monday,40,3
2024-10-01,2024,10,1,October,Tuesday,40,4
2024-10-02,2024,10,2,October,Wednesday,40,4
2024-10-03,2024,10,3,October,Thursday,40,4
2024-10-04,2024,10,4,October,Friday,40,4
2024-10-05,2024,10,5,October,Saturday,40,4
2024-10-06,2024,10,6,October,Sunday,40,4
2024-10-07,2024,10,7,October,Monday,41,4
2024-10-08,2024,10,8,October,Tuesday,41,4
2024-10-09,2024,10,9,October,Wednesday,41,4
2024-10-10,2024,10,10,October,Thursday,41,4
2024-10-11,2024,10,11,October,Friday,41,4
2024-10-12,2024,10,12,October,Saturday,41,4
2024-10-13,2024,10,13,October,Sunday,41,4
2024-10-14,2024,10,14,October,Monday,42,4
2024-10-15,2024,10,15,October,Tuesday,42,4
2024-10-16,2024,10,16,October,Wednesday,42,4
2024-10-17,2024,10,17,October,Thursday,42,4
2024-10-18,2024,10,18,October,Friday,42,4
2024-10-19,2024,10,19,October,Saturday,42,4
2024-10-20,2024,10,20,October,Sunday,42,4
2024-10-21,2024,10,21,October,Monday,43,4
2024-10-22,2024,10,22,October,Tuesday,43,4
2024-10-23,2024,10,23,October,Wednesday,43,4
2024-10-24,2024,10,24,October,Thursday,43,4
2024-10-25,2024,10,25,October,Friday,43,4
2024-10-26,2024,10,26,October,Saturday,43,4
2024-10-27,2024,10,27,October,Sunday,43,4
2024-10-28,2024,10,28,October,Monday,44,4
2024-10-29,2024,10,29,October,Tuesday,44,4
2024-10-30,2024,10,30,October,Wednesday,44,4
2024-10-31,2024,10,31,October,Thursday,44,4
2024-11-01,2024,11,1,November,Friday,44,4
2024-11-02,2024,11,2,November,Saturday,44,4
2024-11-03,2024,11,3,November,Sunday,44,4
2024-11-04,2024,11,4,November,Monday,45,4
2024-11-05,2024,11,5,November,Tuesday,45,4
2024-11-06,2024,11,6,November,Wednesday,45,4
2024-11-07,2024,11,7,November,Thursday,45,4
2024-11-08,2024,11,8,November,Friday,45,4
2024-11-09,2024,11,9,November,Saturday,45,4
2024-11-10,2024,11,10,November,Sunday,45,4
2024-11-11,2024,11,11,November,Monday,46,4
2024-11-12,2024,11,12,November,Tuesday,46,4
2024-11-13,2024,11,13,November,Wednesday,46,4
2024-11-14,2024,11,14,November,Thursday,46,4
2024-11-15,2024,11,15,November,Friday,46,4
2024-11-16,2024,11,16,November,Saturday,46,4
2024-11-17,2024,11,17,November,Sunday,46,4
2024-11-18,2024,11,18,November,Monday,47,4
2024-11-19,2024,11,19,November,Tuesday,47,4
2024-11-20,2024,11,20,November,Wednesday,47,4
2024-11-21,2024,11,21,November,Thursday,47,4
2024-11-22,2024,11,22,November,Friday,47,4
2024-11-23,2024,11,23,November,Saturday,47,4
2024-11-24,2024,11,24,November,Sunday,47,4
2024-11-25,2024,11,25,November,Monday,48,4
2024-11-26,2024,11,26,November,Tuesday,48,4
2024-11-27,2024,11,27,November,Wednesday,48,4
2024-11-28,2024,11,28,November,Thursday,48,4
2024-11-29,2024,11,29,November,Friday,48,4
2024-11-30,2024,11,30,November,Saturday,48,4
2024-12-01,2024,12,1,December,Sunday,48,4
2024-12-02,2024,12,2,December,Monday,49,4
2024-12-03,2024,12,3,December,Tuesday,49,4
2024-12-04,2024,12,4,December,Wednesday,49,4
2024-12-05,2024,12,5,December,Thursday,49,4
2024-12-06,2024,12,6,December,Friday,49,4
2024-12-07,2024,12,7,December,Saturday,49,4
2024-12-08,2024,12,8,December,Sunday,49,4
2024-12-09,2024,12,9,December,Monday,50,4
2024-12-10,2024,12,10,December,Tuesday,50,4
2024-12-11,2024,12,11,December,Wednesday,50,4
2024-12-12,2024,12,12,December,Thursday,50,4
2024-12-13,2024,12,13,December,Friday,50,4
2024-12-14,2024,12,14,December,Saturday,50,4
2024-12-15,2024,12,15,December,Sunday,50,4
2024-12-16,2024,12,16,December,Monday,51,4
2024-12-17,2024,12,17,December,Tuesday,51,4
2024-12-18,2024,12,18,December,Wednesday,51,4
2024-12-19,2024,12,19,December,Thursday,51,4
2024-12-20,2024,12,20,December,Friday,51,4
2024-12-21,2024,12,21,December,Saturday,51,4
2024-12-22,2024,12,22,December,Sunday,51,4
2024-12-23,2024,12,23,December,Monday,52,4
2024-12-24,2024,12,24,December,Tuesday,52,4
2024-12-25,2024,12,25,December,Wednesday,52,4
2024-12-26,2024,12,26,December,Thursday,52,4
2024-12-27,2024,12,27,December,Friday,52,4
2024-12-28,2024,12,28,December,Saturday,52,4
2024-12-29,2024,12,29,December,Sunday,52,4
2024-12-30,2024,12,30,December,Monday,1,4
2024-12-31,2024,12,31,December,Tuesday,1,4
2025-01-01,2025,1,1,January,Wednesday,1,1
2025-01-02,2025,1,2,January,Thursday,1,1
2025-01-03,2025,1,3,January,Friday,1,1
2025-01-04,2025,1,4,January,Saturday,1,1
2025-01-05,2025,1,5,January,Sunday,1,1
2025-01-06,2025,1,6,January,Monday,2,1
2025-01-07,2025,1,7,January,Tuesday,2,1
2025-01-08,2025,1,8,January,Wednesday,2,1
2025-01-09,2025,1,9,January,Thursday,2,1
2025-01-10,2025,1,10,January,Friday,2,1
2025-01-11,2025,1,11,January,Saturday,2,1
2025-01-12,2025,1,12,January,Sunday,2,1
2025-01-13,2025,1,13,January,Monday,3,1
2025-01-14,2025,1,14,January,Tuesday,3,1
2025-01-15,2025,1,15,January,Wednesday,3,1
2025-01-16,2025,1,16,January,Thursday,3,1
2025-01-17,2025,1,17,January,Friday,3,1
2025-01-18,2025,1,18,January,Saturday,3,1
2025-01-19,2025,1,19,January,Sunday,3,1
2025-01-20,2025,1,20,January,Monday,4,1
2025-01-21,2025,1,21,January,Tuesday,4,1
2025-01-22,2025,1,22,January,Wednesday,4,1
2025-01-23,2025,1,23,January,Thursday,4,1
2025-01-24,2025,1,24,January,Friday,4,1
2025-01-25,2025,1,25,January,Saturday,4,1
2025-01-26,2025,1,26,January,Sunday,4,1
2025-01-27,2025,1,27,January,Monday,5,1
2025-01-28,2025,1,28,January,Tuesday,5,1
2025-01-29,2025,1,29,January,Wednesday,5,1
2025-01-30,2025,1,30,January,Thursday,5,1
2025-01-31,2025,1,31,January,Friday,5,1
2025-02-01,2025,2,1,February,Saturday,5,1
2025-02-02,2025,2,2,February,Sunday,5,1
2025-02-03,2025,2,3,February,Monday,6,1
2025-02-04,2025,2,4,February,Tuesday,6,1
2025-02-05,2025,2,5,February,Wednesday,6,1
2025-02-06,2025,2,6,February,Thursday,6,1
2025-02-07,2025,2,7,February,Friday,6,1
2025-02-08,2025,2,8,February,Saturday,6,1
2025-02-09,2025,2,9,February,Sunday,6,1
2025-02-10,2025,2,10,February,Monday,7,1
2025-02-11,2025,2,11,February,Tuesday,7,1
2025-02-12,2025,2,12,February,Wednesday,7,1
2025-02-13,2025,2,13,February,Thursday,7,1
2025-02-14,2025,2,14,February,Friday,7,1
2025-02-15,2025,2,15,February,Saturday,7,1
2025-02-16,2025,2,16,February,Sunday,7,1
2025-02-17,2025,2,17,February,Monday,8,1
2025-02-18,2025,2,18,February,Tuesday,8,1
2025-02-19,2025,2,19,February,Wednesday,8,1
2025-02-20,2025,2,20,February,Thursday,8,1
2025-02-21,2025,2,21,February,Friday,8,1
2025-02-22,2025,2,22,February,Saturday,8,1
2025-02-23,2025,2,23,February,Sunday,8,1
2025-02-24,2025,2,24,February,Monday,9,1
2025-02-25,2025,2,25,February,Tuesday,9,1
2025-02-26,2025,2,26,February,Wednesday,9,1
2025-02-27,2025,2,27,February,Thursday,9,1
2025-02-28,2025,2,28,February,Friday,9,1
2025-03-01,2025,3,1,March,Saturday,9,1
2025-03-02,2025,3,2,March,Sunday,9,1
2025-03-03,2025,3,3,March,Monday,10,1
2025-03-04,2025,3,4,March,Tuesday,10,1
2025-03-05,2025,3,5,March,Wednesday,10,1
2025-03-06,2025,3,6,March,Thursday,10,1
2025-03-07,2025,3,7,March,Friday,10,1
2025-03-08,2025,3,8,March,Saturday,10,1
2025-03-09,2025,3,9,March,Sunday,10,1
2025-03-10,2025,3,10,March,Monday,11,1
2025-03-11,2025,3,11,March,Tuesday,11,1
2025-03-12,2025,3,12,March,Wednesday,11,1
2025-03-13,2025,3,13,March,Thursday,11,1
2025-03-14,2025,3,14,March,Friday,11,1
2025-03-15,2025,3,15,March,Saturday,11,1
2025-03-16,2025,3,16,March,Sunday,11,1
2025-03-17,2025,3,17,March,Monday,12,1
2025-03-18,2025,3,18,March,Tuesday,12,1
2025-03-19,2025,3,19,March,Wednesday,12,1
2025-03-20,2025,3,20,March,Thursday,12,1
2025-03-21,2025,3,21,March,Friday,12,1
2025-03-22,2025,3,22,March,Saturday,12,1
2025-03-23,2025,3,23,March,Sunday,12,1
2025-03-24,2025,3,24,March,Monday,13,1
2025-03-25,2025,3,25,March,Tuesday,13,1
2025-03-26,2025,3,26,March,Wednesday,13,1
2025-03-27,2025,3,27,March,Thursday,13,1
2025-03-28,2025,3,28,March,Friday,13,1
2025-03-29,2025,3,29,March,Saturday,13,1
2025-03-30,2025,3,30,March,Sunday,13,1
2025-03-31,2025,3,31,March,Monday,14,1
2025-04-01,2025,4,1,April,Tuesday,14,2
2025-04-02,2025,4,2,April,Wednesday,14,2
2025-04-03,2025,4,3,April,Thursday,14,2
2025-04-04,2025,4,4,April,Friday,14,2
2025-04-05,2025,4,5,April,Saturday,14,2
2025-04-06,2025,4,6,April,Sunday,14,2
2025-04-07,2025,4,7,April,Monday,15,2
2025-04-08,2025,4,8,April,Tuesday,15,2
2025-04-09,2025,4,9,April,Wednesday,15,2
2025-04-10,2025,4,10,April,Thursday,15,2
2025-04-11,2025,4,11,April,Friday,15,2
2025-04-12,2025,4,12,April,Saturday,15,2
2025-04-13,2025,4,13,April,Sunday,15,2
2025-04-14,2025,4,14,April,Monday,16,2
2025-04-15,2025,4,15,April,Tuesday,16,2
2025-04-16,2025,4,16,April,Wednesday,16,2
2025-04-17,2025,4,17,April,Thursday,16,2
2025-04-18,2025,4,18,April,Friday,16,2
2025-04-19,2025,4,19,April,Saturday,16,2
2025-04-20,2025,4,20,April,Sunday,16,2
2025-04-21,2025,4,21,April,Monday,17,2
2025-04-22,2025,4,22,April,Tuesday,17,2
2025-04-23,2025,4,23,April,Wednesday,17,2
2025-04-24,2025,4,24,April,Thursday,17,2
2025-04-25,2025,4,25,April,Friday,17,2
2025-04-26,2025,4,26,April,Saturday,17,2
2025-04-27,2025,4,27,April,Sunday,17,2
2025-04-28,2025,4,28,April,Monday,18,2
2025-04-29,2025,4,29,April,Tuesday,18,2
2025-04-30,2025,4,30,April,Wednesday,18,2
2025-05-01,2025,5,1,May,Thursday,18,2
2025-05-02,2025,5,2,May,Friday,18,2
2025-05-03,2025,5,3,May,Saturday,18,2
2025-05-04,2025,5,4,May,Sunday,18,2
2025-05-05,2025,5,5,May,Monday,19,2
2025-05-06,2025,5,6,May,Tuesday,19,2
2025-05-07,2025,5,7,May,Wednesday,19,2
2025-05-08,2025,5,8,May,Thursday,19,2
2025-05-09,2025,5,9,May,Friday,19,2
2025-05-10,2025,5,10,May,Saturday,19,2
2025-05-11,2025,5,11,May,Sunday,19,2
2025-05-12,2025,5,12,May,Monday,20,2
2025-05-13,2025,5,13,May,Tuesday,20,2
2025-05-14,2025,5,14,May,Wednesday,20,2
2025-05-15,2025,5,15,May,Thursday,20,2
2025-05-16,2025,5,16,May,Friday,20,2
2025-05-17,2025,5,17,May,Saturday,20,2
2025-05-18,2025,5,18,May,Sunday,20,2
2025-05-19,2025,5,19,May,Monday,21,2
2025-05-20,2025,5,20,May,Tuesday,21,2
2025-05-21,2025,5,21,May,Wednesday,21,2
2025-05-22,2025,5,22,May,Thursday,21,2
2025-05-23,2025,5,23,May,Friday,21,2
2025-05-24,2025,5,24,May,Saturday,21,2
2025-05-25,2025,5,25,May,Sunday,21,2
2025-05-26,2025,5,26,May,Monday,22,2
2025-05-27,2025,5,27,May,Tuesday,22,2
2025-05-28,2025,5,28,May,Wednesday,22,2
2025-05-29,2025,5,29,May,Thursday,22,2
2025-05-30,2025,5,30,May,Friday,22,2
2025-05-31,2025,5,31,May,Saturday,22,2
2025-06-01,2025,6,1,June,Sunday,22,2
2025-06-02,2025,6,2,June,Monday,23,2
2025-06-03,2025,6,3,June,Tuesday,23,2
2025-06-04,2025,6,4,June,Wednesday,23,2
2025-06-05,2025,6,5,June,Thursday,23,2
2025-06-06,2025,6,6,June,Friday,23,2
2025-06-07,2025,6,7,June,Saturday,23,2
2025-06-08,2025,6,8,June,Sunday,23,2
2025-06-09,2025,6,9,June,Monday,24,2
2025-06-10,2025,6,10,June,Tuesday,24,2
2025-06-11,2025,6,11,June,Wednesday,24,2
2025-06-12,2025,6,12,June,Thursday,24,2
2025-06-13,2025,6,13,June,Friday,24,2
2025-06-14,2025,6,14,June,Saturday,24,2
2025-06-15,2025,6,15,June,Sunday,24,2
2025-06-16,2025,6,16,June,Monday,25,2
2025-06-17,2025,6,17,June,Tuesday,25,2
2025-06-18,2025,6,18,June,Wednesday,25,2
2025-06-19,2025,6,19,June,Thursday,25,2
2025-06-20,2025,6,20,June,Friday,25,2
2025-06-21,2025,6,21,June,Saturday,25,2
2025-06-22,2025,6,22,June,Sunday,25,2
2025-06-23,2025,6,23,June,Monday,26,2
2025-06-24,2025,6,24,June,Tuesday,26,2
2025-06-25,2025,6,25,June,Wednesday,26,2
2025-06-26,2025,6,26,June,Thursday,26,2
2025-06-27,2025,6,27,June,Friday,26,2
2025-06-28,2025,6,28,June,Saturday,26,2
2025-06-29,2025,6,29,June,Sunday,26,2
2025-06-30,2025,6,30,June,Monday,27,2
2025-07-01,2025,7,1,July,Tuesday,27,3
2025-07-02,2025,7,2,July,Wednesday,27,3
2025-07-03,2025,7,3,July,Thursday,27,3
2025-07-04,2025,7,4,July,Friday,27,3
2025-07-05,2025,7,5,July,Saturday,27,3
2025-07-06,2025,7,6,July,Sunday,27,3
2025-07-07,2025,7,7,July,Monday,28,3
2025-07-08,2025,7,8,July,Tuesday,28,3
2025-07-09,2025,7,9,July,Wednesday,28,3
2025-07-10,2025,7,10,July,Thursday,28,3
2025-07-11,2025,7,11,July,Friday,28,3
2025-07-12,2025,7,12,July,Saturday,28,3
2025-07-13,2025,7,13,July,Sunday,28,3
2025-07-14,2025,7,14,July,Monday,29,3
2025-07-15,2025,7,15,July,Tuesday,29,3
2025-07-16,2025,7,16,July,Wednesday,29,3
2025-07-17,2025,7,17,July,Thursday,29,3
2025-07-18,2025,7,18,July,Friday,29,3
2025-07-19,2025,7,19,July,Saturday,29,3
2025-07-20,2025,7,20,July,Sunday,29,3
2025-07-21,2025,7,21,July,Monday,30,3
2025-07-22,2025,7,22,July,Tuesday,30,3
2025-07-23,2025,7,23,July,Wednesday,30,3
2025-07-24,2025,7,24,July,Thursday,30,3
2025-07-25,2025,7,25,July,Friday,30,3
2025-07-26,2025,7,26,July,Saturday,30,3
2025-07-27,2025,7,27,July,Sunday,30,3
2025-07-28,2025,7,28,July,Monday,31,3
2025-07-29,2025,7,29,July,Tuesday,31,3
2025-07-30,2025,7,30,July,Wednesday,31,3
2025-07-31,2025,7,31,July,Thursday,31,3
2025-08-01,2025,8,1,August,Friday,31,3
2025-08-02,2025,8,2,August,Saturday,31,3
2025-08-03,2025,8,3,August,Sunday,31,3
2025-08-04,2025,8,4,August,Monday,32,3
2025-08-05,2025,8,5,August,Tuesday,32,3
2025-08-06,2025,8,6,August,Wednesday,32,3
2025-08-07,2025,8,7,August,Thursday,32,3
2025-08-08,2025,8,8,August,Friday,32,3
2025-08-09,2025,8,9,August,Saturday,32,3
2025-08-10,2025,8,10,August,Sunday,32,3
2025-08-11,2025,8,11,August,Monday,33,3
2025-08-12,2025,8,12,August,Tuesday,33,3
2025-08-13,2025,8,13,August,Wednesday,33,3
2025-08-14,2025,8,14,August,Thursday,33,3
2025-08-15,2025,8,15,August,Friday,33,3
2025-08-16,2025,8,16,August,Saturday,33,3
2025-08-17,2025,8,17,August,Sunday,33,3
2025-08-18,2025,8,18,August,Monday,34,3
2025-08-19,2025,8,19,August,Tuesday,34,3
2025-08-20,2025,8,20,August,Wednesday,34,3
2025-08-21,2025,8,21,August,Thursday,34,3
2025-08-22,2025,8,22,August,Friday,34,3
2025-08-23,2025,8,23,August,Saturday,34,3
2025-08-24,2025,8,24,August,Sunday,34,3
2025-08-25,2025,8,25,August,Monday,35,3
2025-08-26,2025,8,26,August,Tuesday,35,3
2025-08-27,2025,8,27,August,Wednesday,35,3
2025-08-28,2025,8,28,August,Thursday,35,3
2025-08-29,2025,8,29,August,Friday,35,3
2025-08-30,2025,8,30,August,Saturday,35,3
2025-08-31,2025,8,31,August,Sunday,35,3
2025-09-01,2025,9,1,September,Monday,36,3
2025-09-02,2025,9,2,September,Tuesday,36,3
2025-09-03,2025,9,3,September,Wednesday,36,3
2025-09-04,2025,9,4,September,Thursday,36,3
2025-09-05,2025,9,5,September,Friday,36,3
2025-09-06,2025,9,6,September,Saturday,36,3
2025-09-07,2025,9,7,September,Sunday,36,3
2025-09-08,2025,9,8,September,Monday,37,3
2025-09-09,2025,9,9,September,Tuesday,37,3
2025-09-10,2025,9,10,September,Wednesday,37,3
2025-09-11,2025,9,11,September,Thursday,37,3
2025-09-12,2025,9,12,September,Friday,37,3
2025-09-13,2025,9,13,September,Saturday,37,3
2025-09-14,2025,9,14,September,Sunday,37,3
2025-09-15,2025,9,15,September,Monday,38,3
2025-09-16,2025,9,16,September,Tuesday,38,3
2025-09-17,2025,9,17,September,Wednesday,38,3
2025-09-18,2025,9,18,September,Thursday,38,3
2025-09-19,2025,9,19,September,Friday,38,3
2025-09-20,2025,9,20,September,Saturday,38,3
2025-09-21,2025,9,21,September,Sunday,38,3
2025-09-22,2025,9,22,September,Monday,39,3
2025-09-23,2025,9,23,September,Tuesday,39,3
2025-09-24,2025,9,24,September,Wednesday,39,3
2025-09-25,2025,9,25,September,Thursday,39,3
2025-09-26,2025,9,26,September,Friday,39,3
2025-09-27,2025,9,27,September,Saturday,39,3
2025-09-28,2025,9,28,September,Sunday,39,3
2025-09-29,2025,9,29,September,Monday,40,3
2025-09-30,2025,9,30,September,Tuesday,40,3
2025-10-01,2025,10,1,October,Wednesday,40,4
2025-10-02,2025,10,2,October,Thursday,40,4
2025-10-03,2025,10,3,October,Friday,40,4
2025-10-04,2025,10,4,October,Saturday,40,4
2025-10-05,2025,10,5,October,Sunday,40,4
2025-10-06,2025,10,6,October,Monday,41,4
2025-10-07,2025,10,7,October,Tuesday,41,4
2025-10-08,2025,10,8,October,Wednesday,41,4
2025-10-09,2025,10,9,October,Thursday,41,4
2025-10-10,2025,10,10,October,Friday,41,4
2025-10-11,2025,10,11,October,Saturday,41,4
2025-10-12,2025,10,12,October,Sunday,41,4
2025-10-13,2025,10,13,October,Monday,42,4
2025-10-14,2025,10,14,October,Tuesday,42,4
2025-10-15,2025,10,15,October,Wednesday,42,4
2025-10-16,2025,10,16,October,Thursday,42,4
2025-10-17,2025,10,17,October,Friday,42,4
2025-10-18,2025,10,18,October,Saturday,42,4
2025-10-19,2025,10,19,October,Sunday,42,4
2025-10-20,2025,10,20,October,Monday,43,4
2025-10-21,2025,10,21,October,Tuesday,43,4
2025-10-22,2025,10,22,October,Wednesday,43,4
2025-10-23,2025,10,23,October,Thursday,43,4
2025-10-24,2025,10,24,October,Friday,43,4
2025-10-25,2025,10,25,October,Saturday,43,4
2025-10-26,2025,10,26,October,Sunday,43,4
2025-10-27,2025,10,27,October,Monday,44,4
2025-10-28,2025,10,28,October,Tuesday,44,4
2025-10-29,2025,10,29,October,Wednesday,44,4
2025-10-30,2025,10,30,October,Thursday,44,4
2025-10-31,2025,10,31,October,Friday,44,4
2025-11-01,2025,11,1,November,Saturday,44,4
2025-11-02,2025,11,2,November,Sunday,44,4
2025-11-03,2025,11,3,November,Monday,45,4
2025-11-04,2025,11,4,November,Tuesday,45,4
2025-11-05,2025,11,5,November,Wednesday,45,4
2025-11-06,2025,11,6,November,Thursday,45,4
2025-11-07,2025,11,7,November,Friday,45,4
2025-11-08,2025,11,8,November,Saturday,45,4
2025-11-09,2025,11,9,November,Sunday,45,4
2025-11-10,2025,11,10,November,Monday,46,4
2025-11-11,2025,11,11,November,Tuesday,46,4
2025-11-12,2025,11,12,November,Wednesday,46,4
2025-11-13,2025,11,13,November,Thursday,46,4
2025-11-14,2025,11,14,November,Friday,46,4
2025-11-15,2025,11,15,November,Saturday,46,4
2025-11-16,2025,11,16,November,Sunday,46,4
2025-11-17,2025,11,17,November,Monday,47,4
2025-11-18,2025,11,18,November,Tuesday,47,4
2025-11-19,2025,11,19,November,Wednesday,47,4
2025-11-20,2025,11,20,November,Thursday,47,4
2025-11-21,2025,11,21,November,Friday,47,4
2025-11-22,2025,11,22,November,Saturday,47,4
2025-11-23,2025,11,23,November,Sunday,47,4
2025-11-24,2025,11,24,November,Monday,48,4
2025-11-25,2025,11,25,November,Tuesday,48,4
2025-11-26,2025,11,26,November,Wednesday,48,4
2025-11-27,2025,11,27,November,Thursday,48,4
2025-11-28,2025,11,28,November,Friday,48,4
2025-11-29,2025,11,29,November,Saturday,48,4
2025-11-30,2025,11,30,November,Sunday,48,4
2025-12-01,2025,12,1,December,Monday,49,4
2025-12-02,2025,12,2,December,Tuesday,49,4
2025-12-03,2025,12,3,December,Wednesday,49,4
2025-12-04,2025,12,4,December,Thursday,49,4
2025-12-05,2025,12,5,December,Friday,49,4
2025-12-06,2025,12,6,December,Saturday,49,4
2025-12-07,2025,12,7,December,Sunday,49,4
2025-12-08,2025,12,8,December,Monday,50,4
2025-12-09,2025,12,9,December,Tuesday,50,4
2025-12-10,2025,12,10,December,Wednesday,50,4
2025-12-11,2025,12,11,December,Thursday,50,4
2025-12-12,2025,12,12,December,Friday,50,4
2025-12-13,2025,12,13,December,Saturday,50,4
2025-12-14,2025,12,14,December,Sunday,50,4
2025-12-15,2025,12,15,December,Monday,51,4
2025-12-16,2025,12,16,December,Tuesday,51,4
2025-12-17,2025,12,17,December,Wednesday,51,4
2025-12-18,2025,12,18,December,Thursday,51,4
2025-12-19,2025,12,19,December,Friday,51,4
2025-12-20,2025,12,20,December,Saturday,51,4
2025-12-21,2025,12,21,December,Sunday,51,4
2025-12-22,2025,12,22,December,Monday,52,4
2025-12-23,2025,12,23,December,Tuesday,52,4
2025-12-24,2025,12,24,December,Wednesday,52,4
2025-12-25,2025,12,25,December,Thursday,52,4
2025-12-26,2025,12,26,December,Friday,52,4
2025-12-27,2025,12,27,December,Saturday,52,4
2025-12-28,2025,12,28,December,Sunday,52,4
2025-12-29,2025,12,29,December,Monday,1,4
2025-12-30,2025,12,30,December,Tuesday,1,4
2025-12-31,2025,12,31,December,Wednesday,1,4
